tenor_month,weight
24,-0.6991553155380732
60,-1.0959371695340607
120,0.7298316529953541
